word,original_ipa,normalized_ipa,changes_count,changes_detail
!EXCLAMATION-POINT,ˌɛkskləˈmeɪʃənˌpɔɪnt,ˌɛkskləˈmeɪʃənˌpɔɪnt,0,
"""CLOSE-QUOTE",ˈkloʊzˈkwoʊt,ˈkloʊz ˈkwoʊt,1,ルール5: (ˈ[^ˈˌ\s]+)(ˈ)(?=[^\s]) -> \1 \2
"""DOUBLE-QUOTE",ˈdʌbəlˈkwoʊt,ˈdʌbəl ˈkwoʊt,1,ルール5: (ˈ[^ˈˌ\s]+)(ˈ)(?=[^\s]) -> \1 \2
"""END-OF-QUOTE",ˈɛndəvˈkwoʊt,ˈɛndəv ˈkwoʊt,1,ルール5: (ˈ[^ˈˌ\s]+)(ˈ)(?=[^\s]) -> \1 \2
"""END-QUOTE",ˈɛndˈkwoʊt,ˈɛnd ˈkwoʊt,1,ルール5: (ˈ[^ˈˌ\s]+)(ˈ)(?=[^\s]) -> \1 \2
"""IN-QUOTES",ˈɪnˈkwoʊts,ˈɪn ˈkwoʊts,1,ルール5: (ˈ[^ˈˌ\s]+)(ˈ)(?=[^\s]) -> \1 \2
"""QUOTE",ˈkwoʊt,ˈkwoʊt,0,
"""UNQUOTE",ˈʌnˈkwoʊt,ˈʌn ˈkwoʊt,1,ルール5: (ˈ[^ˈˌ\s]+)(ˈ)(?=[^\s]) -> \1 \2
#HASH-MARK,ˈhæˌmɑːrk,ˈhæˌmɑːrk,0,
#POUND-SIGN,ˈpaʊndˌsaɪn,ˈpaʊndˌsaɪn,0,
#SHARP-SIGN,ˈʃɑːrpˌsaɪn,ˈʃɑːrpˌsaɪn,0,
%PERCENT,pɝˈsɛnt,pɝˈsɛnt,0,
&AMPERSAND,ˈæmpɝˌsænd,ˈæmpɝˌsænd,0,
'ALLO,ˌɑːˈloʊ,ˌɑːˈloʊ,0,
'APOSTROPHE,əˈpɑːstrəfi,əˈpɑːstrəfi,0,
'BOUT,ˈbaʊt,ˈbaʊt,0,
'CAUSE,kəz,kəz,0,
'COURSE,ˈkɔrs,ˈkɔrs,0,
'CUSE,ˈkjuːz,ˈkjuːz,0,
'EM,əm,əm,0,
'END-INNER-QUOTE,ˈɛnˈdɪnɝˈkwoʊt,ˈɛn ˈdɪnɝˈkwoʊt,1,ルール5: (ˈ[^ˈˌ\s]+)(ˈ)(?=[^\s]) -> \1 \2
'END-QUOTE,ˈɛndˈkwoʊt,ˈɛnd ˈkwoʊt,1,ルール5: (ˈ[^ˈˌ\s]+)(ˈ)(?=[^\s]) -> \1 \2
'FRISCO,ˈfrɪskoʊ,ˈfrɪskoʊ,0,
'GAIN,ˈgɛn,ˈgɛn,0,
'INNER-QUOTE,ˈɪnɝˈkwoʊt,ˈɪnɝ ˈkwoʊt,1,ルール5: (ˈ[^ˈˌ\s]+)(ˈ)(?=[^\s]) -> \1 \2
'KAY,ˈkeɪ,ˈkeɪ,0,
'M,əm,əm,0,
'N,ən,ən,0,
'QUOTE,ˈkwoʊt,ˈkwoʊt,0,
'ROUND,ˈraʊnd,ˈraʊnd,0,
'S,ˈɛs,ˈɛs,0,
'SINGLE-QUOTE,ˈsɪŋgəlˈkwoʊt,ˈsɪŋgəl ˈkwoʊt,1,ルール5: (ˈ[^ˈˌ\s]+)(ˈ)(?=[^\s]) -> \1 \2
'TIL,ˈtɪl,ˈtɪl,0,
'TIS,ˈtɪz,ˈtɪz,0,
'TWAS,ˈtwʌz,ˈtwʌz,0,
(BEGIN-PARENS,bɪˈgɪnpɝˈɛnz,bɪˈgɪnpɝ ˈɛnz,1,ルール5: (ˈ[^ˈˌ\s]+)(ˈ)(?=[^\s]) -> \1 \2
(IN-PARENTHESES,ˈɪnpɝˈɛnθəˌsiːz,ˈɪnpɝ ˈɛnθəˌsiːz,1,ルール5: (ˈ[^ˈˌ\s]+)(ˈ)(?=[^\s]) -> \1 \2
(LEFT-PAREN,ˈlɛftpɝˈɛn,ˈlɛftpɝ ˈɛn,1,ルール5: (ˈ[^ˈˌ\s]+)(ˈ)(?=[^\s]) -> \1 \2
(OPEN-PARENTHESES,ˈoʊpənpɝˈɛnθəˌsiːz,ˈoʊpənpɝ ˈɛnθəˌsiːz,1,ルール5: (ˈ[^ˈˌ\s]+)(ˈ)(?=[^\s]) -> \1 \2
(PAREN,pɝˈɛn,pɝˈɛn,0,
(PARENS,pɝˈɛnz,pɝˈɛnz,0,
(PARENTHESES,pɝˈɛnθəˌsiːz,pɝˈɛnθəˌsiːz,0,
)CLOSE-PAREN,ˈkloʊzpɝˈɛn,ˈkloʊzpɝ ˈɛn,1,ルール5: (ˈ[^ˈˌ\s]+)(ˈ)(?=[^\s]) -> \1 \2
)CLOSE-PARENTHESES,ˈkloʊzpɝˈɛnθəˌsiːz,ˈkloʊzpɝ ˈɛnθəˌsiːz,1,ルール5: (ˈ[^ˈˌ\s]+)(ˈ)(?=[^\s]) -> \1 \2
)END-PAREN,ˈɛndpɝˈɛn,ˈɛndpɝ ˈɛn,1,ルール5: (ˈ[^ˈˌ\s]+)(ˈ)(?=[^\s]) -> \1 \2
)END-PARENS,ˈɛndpɝˈɛnz,ˈɛndpɝ ˈɛnz,1,ルール5: (ˈ[^ˈˌ\s]+)(ˈ)(?=[^\s]) -> \1 \2
)END-PARENTHESES,ˈɛndpɝˈɛnθəˌsiːz,ˈɛndpɝ ˈɛnθəˌsiːz,1,ルール5: (ˈ[^ˈˌ\s]+)(ˈ)(?=[^\s]) -> \1 \2
)END-THE-PAREN,ˈɛndðəpɝˈɛn,ˈɛndðəpɝ ˈɛn,1,ルール5: (ˈ[^ˈˌ\s]+)(ˈ)(?=[^\s]) -> \1 \2
)PAREN,pɝˈɛn,pɝˈɛn,0,
)PARENS,pɝˈɛnz,pɝˈɛnz,0,
)RIGHT-PAREN,ˈraɪtˌpɛrən,ˈraɪtˌpɛrən,0,
)UN-PARENTHESES,ˈʌnpɝˈɛnθəˈsiːz,ˈʌnpɝ ˈɛnθəˈsiːz,1,ルール5: (ˈ[^ˈˌ\s]+)(ˈ)(?=[^\s]) -> \1 \2
+PLUS,ˈplʊs,ˈplʊs,0,
",COMMA",ˈkɑːmə,ˈkɑːmə,0,
--DASH,ˈdæʃ,ˈdæʃ,0,
-DASH,ˈdæʃ,ˈdæʃ,0,
-HYPHEN,ˈhaɪfən,ˈhaɪfən,0,
...ELLIPSIS,ˌɪˈlɪpsɪs,ˌɪˈlɪpsɪs,0,
.DECIMAL,ˈdɛsəməl,ˈdɛsəməl,0,
.DOT,ˈdɑːt,ˈdɑːt,0,
.FULL-STOP,ˈfʊlˈstɑːp,ˈfʊl ˈstɑːp,1,ルール5: (ˈ[^ˈˌ\s]+)(ˈ)(?=[^\s]) -> \1 \2
.PERIOD,ˈpɪriːəd,ˈpɪriːəd,0,
.POINT,ˈpɔɪnt,ˈpɔɪnt,0,
/SLASH,ˈslæʃ,ˈslæʃ,0,
3-D,ˈθriːˌdiː,ˈθriːˌdiː,0,
3D,ˈθriːˌdiː,ˈθriːˌdiː,0,
:COLON,ˈkoʊlən,ˈkoʊlən,0,
;SEMI-COLON,"ˈsɛmiːˈkoʊlən, ˈsɛmɪˌkoʊlən","ˈsɛmiː ˈkoʊlən, ˈsɛmɪˌkoʊlən",3,"ルール1: , + -> ,; ルール2: ,([^\s]) -> , \1; ルール5: (ˈ[^ˈˌ\s]+)(ˈ)(?=[^\s]) -> \1 \2"
?QUESTION-MARK,ˈkwɛstʃənˈmɑːrk,ˈkwɛstʃən ˈmɑːrk,1,ルール5: (ˈ[^ˈˌ\s]+)(ˈ)(?=[^\s]) -> \1 \2
A,"ə, ˈeɪ","ə, ˈeɪ",2,"ルール1: , + -> ,; ルール2: ,([^\s]) -> , \1"
A'S,ˈeɪz,ˈeɪz,0,
A.,ˈeɪ,ˈeɪ,0,
A.'S,ˈeɪz,ˈeɪz,0,
A.S,ˈeɪz,ˈeɪz,0,
A42128,ˈeɪˈfɔrˈtuːˈwʌnˈtuːˈeɪt,ˈeɪ ˈfɔrˈtuː ˈwʌnˈtuː ˈeɪt,1,ルール5: (ˈ[^ˈˌ\s]+)(ˈ)(?=[^\s]) -> \1 \2
AA,ˌeɪˈeɪ,ˌeɪˈeɪ,0,
AAA,ˌtrɪpəˈleɪ,ˌtrɪpəˈleɪ,0,
AABERG,ˈɑːbɝg,ˈɑːbɝg,0,
AACHEN,ˈɑːkən,ˈɑːkən,0,
AACHENER,ˈɑːkənɝ,ˈɑːkənɝ,0,
AAH,ˈɑː,ˈɑː,0,
AAKER,ˈɑːkɝ,ˈɑːkɝ,0,
AALIYAH,ˌɑːˈliːˌɑː,ˌɑːˈliːˌɑː,0,
AALSETH,ˈɑːlsɛθ,ˈɑːlsɛθ,0,
AAMODT,ˈɑːmət,ˈɑːmət,0,
AANCOR,ˈɑːnˌkɔr,ˈɑːnˌkɔɹ,1,ルール13: ([aeiouəɪɛɔɑɜɝɪu])+r\b -> \1ɹ
AARDEMA,ɑːrˈdɛmə,ɑːrˈdɛmə,0,
AARDVARK,ˈɑːrdˌvɑːrk,ˈɑːrdˌvɑːrk,0,
AARDVARKS,ˈɑːrdˌvɑːrks,ˈɑːrdˌvɑːrks,0,
AARGH,ˈɑːrg,ˈɑːrg,0,
AARON,ˈɛrən,ˈɛrən,0,
AARON'S,ˈɛrənz,ˈɛrənz,0,
AARONS,ˈɛrənz,ˈɛrənz,0,
AARONSON,"ˈɛrənsən, ˈɑːrənsən","ˈɛrənsən, ˈɑːrənsən",2,"ルール1: , + -> ,; ルール2: ,([^\s]) -> , \1"
AARONSON'S,"ˈɛrənsənz, ˈɑːrənsənz","ˈɛrənsənz, ˈɑːrənsənz",2,"ルール1: , + -> ,; ルール2: ,([^\s]) -> , \1"
AARTI,ˈɑːrˌtiː,ˈɑːrˌtiː,0,
AASE,ˈɑːs,ˈɑːs,0,
AASEN,ˈɑːsən,ˈɑːsən,0,
AB,ˈæb,ˈæb,0,
ABA,ˌeɪˌbiːˈeɪ,ˌeɪˌbiːˈeɪ,0,
ABABA,"əˈbɑːbə, ˈɑːbəbə","əˈbɑːbə, ˈɑːbəbə",2,"ルール1: , + -> ,; ルール2: ,([^\s]) -> , \1"
ABACHA,ˈæbəkə,ˈæbəkə,0,
ABACK,əˈbæk,əˈbæk,0,
ABACO,ˈæbəˌkoʊ,ˈæbəˌkoʊ,0,
ABACUS,ˈæbəkəs,ˈæbəkəs,0,
ABAD,əˈbɑːd,əˈbɑːd,0,
ABADAKA,əˈbædəkə,əˈbædəkə,0,
ABADI,əˈbædi,əˈbædi,0,
ABADIE,əˈbædi,əˈbædi,0,
ABAIR,əˈbɛr,əˈbɛɹ,1,ルール13: ([aeiouəɪɛɔɑɜɝɪu])+r\b -> \1ɹ
ABALKIN,əˈbɑːlkɪn,əˈbɑːlkɪn,0,
ABALONE,ˌæbəˈloʊni,ˌæbəˈloʊni,0,
ABALONES,ˌæbəˈloʊniːz,ˌæbəˈloʊniːz,0,
ABALOS,ɑːˈbɑːloʊz,ɑːˈbɑːloʊz,0,
ABANDON,əˈbændən,əˈbændən,0,
ABANDONED,əˈbændənd,əˈbændənd,0,
ABANDONING,əˈbændənɪŋ,əˈbændənɪŋ,0,
ABANDONMENT,əˈbændənmənt,əˈbændənmənt,0,
ABANDONMENTS,əˈbændənmənts,əˈbændənmənts,0,
ABANDONS,əˈbændənz,əˈbændənz,0,
ABANTO,əˈbæntoʊ,əˈbæntoʊ,0,
ABARCA,əˈbɑːrkə,əˈbɑːrkə,0,
ABARE,ɑːˈbɑːri,ɑːˈbɑːri,0,
ABASCAL,ˈæbəskəl,ˈæbəskəl,0,
ABASH,əˈbæʃ,əˈbæʃ,0,
ABASHED,əˈbæʃt,əˈbæʃt,0,
ABASIA,əˈbeɪʒjə,əˈbeɪʒjə,0,
ABATE,əˈbeɪt,əˈbeɪt,0,
ABATED,əˈbeɪtɪd,əˈbeɪtɪd,0,
ABATEMENT,əˈbeɪtmənt,əˈbeɪtmənt,0,
ABATEMENTS,əˈbeɪtmənts,əˈbeɪtmənts,0,
ABATES,əˈbeɪts,əˈbeɪts,0,
ABATING,əˈbeɪtɪŋ,əˈbeɪtɪŋ,0,
ABBA,ˈæbə,ˈæbə,0,
ABBADO,əˈbɑːdoʊ,əˈbɑːdoʊ,0,
ABBAS,əˈbɑːs,əˈbɑːs,0,
ABBASI,ɑːˈbɑːsi,ɑːˈbɑːsi,0,
ABBATE,ˈɑːbeɪt,ˈɑːbeɪt,0,
ABBATIELLO,ɑːbɑːtiːˈɛloʊ,ɑːbɑːtiːˈɛloʊ,0,
ABBE,"ˈæbi, æˈbeɪ","ˈæbi, æˈbeɪ",2,"ルール1: , + -> ,; ルール2: ,([^\s]) -> , \1"
ABBENHAUS,ˈæbənˌhaʊs,ˈæbənˌhaʊs,0,
ABBETT,əˈbɛt,əˈbɛt,0,
ABBEVILLE,ˈæbvɪl,ˈæbvɪl,0,
ABBEY,ˈæbi,ˈæbi,0,
ABBEY'S,ˈæbiːz,ˈæbiːz,0,
ABBIE,ˈæbi,ˈæbi,0,
ABBITT,ˈæbɪt,ˈæbɪt,0,
ABBOT,ˈæbət,ˈæbət,0,
ABBOTSTOWN,ˈæbətˈstaʊn,ˈæbət ˈstaʊn,1,ルール5: (ˈ[^ˈˌ\s]+)(ˈ)(?=[^\s]) -> \1 \2
ABBOTT,ˈæbət,ˈæbət,0,
ABBOTT'S,ˈæbəts,ˈæbəts,0,
ABBOTTSTOWN,ˈæbətˈstaʊn,ˈæbət ˈstaʊn,1,ルール5: (ˈ[^ˈˌ\s]+)(ˈ)(?=[^\s]) -> \1 \2
ABBOUD,"əˈbuːd, əˈbaʊd","əˈbuːd, əˈbaʊd",2,"ルール1: , + -> ,; ルール2: ,([^\s]) -> , \1"
ABBREVIATE,əˈbriːviːˌeɪt,əˈbriːviːˌeɪt,0,
ABBREVIATED,əˈbriːviːˌeɪtɪd,əˈbriːviːˌeɪtɪd,0,
ABBREVIATES,əˈbriːviːˌeɪts,əˈbriːviːˌeɪts,0,
ABBREVIATING,əˈbriːviːˌeɪtɪŋ,əˈbriːviːˌeɪtɪŋ,0,
ABBREVIATION,əˌbriːviːˈeɪʃən,əˌbriːviːˈeɪʃən,0,
ABBREVIATIONS,əˌbriːviːˈeɪʃənz,əˌbriːviːˈeɪʃənz,0,
ABBRUZZESE,ɑːbruːtˈseɪzi,ɑːbruːtˈseɪzi,0,
ABBS,ˈæbz,ˈæbz,0,
ABBY,ˈæbi,ˈæbi,0,
ABC,ˈeɪˌbiːˌsiː,ˈeɪˌbiːˌsiː,0,
ABC'S,ˈeɪˌbiːˌsiːz,ˈeɪˌbiːˌsiːz,0,
ABCO,ˈæbkoʊ,ˈæbkoʊ,0,
ABCOTEK,ˈæbkoʊˌtɛk,ˈæbkoʊˌtɛk,0,
ABCS,ˈeɪˌbiːˌsiːz,ˈeɪˌbiːˌsiːz,0,
ABDALLA,ˌæbˈdælə,ˌæbˈdælə,0,
ABDALLAH,ˌæbˈdælə,ˌæbˈdælə,0,
ABDEL,ˈæbˌdɛl,ˈæbˌdɛl,0,
ABDELLA,ˌæbˈdɛlə,ˌæbˈdɛlə,0,
ABDICATE,ˈæbdəˌkeɪt,ˈæbdəˌkeɪt,0,
ABDICATED,ˈæbdəˌkeɪtəd,ˈæbdəˌkeɪtəd,0,
ABDICATES,ˈæbdəˌkeɪts,ˈæbdəˌkeɪts,0,
ABDICATING,ˈæbdɪˌkeɪtɪŋ,ˈæbdɪˌkeɪtɪŋ,0,
ABDICATION,ˌæbdɪˈkeɪʃən,ˌæbdɪˈkeɪʃən,0,
ABDNOR,ˈæbdnɝ,ˈæbdnɝ,0,
ABDO,ˈæbdoʊ,ˈæbdoʊ,0,
ABDOLLAH,ˌæbˈdɑːlə,ˌæbˈdɑːlə,0,
ABDOMEN,"æbˈdoʊmən, ˈæbdəmən","æbˈdoʊmən, ˈæbdəmən",2,"ルール1: , + -> ,; ルール2: ,([^\s]) -> , \1"
ABDOMINAL,"æbˈdɑːmənəl, əbˈdɑːmənəl","æbˈdɑːmənəl, əbˈdɑːmənəl",2,"ルール1: , + -> ,; ルール2: ,([^\s]) -> , \1"
ABDUCT,æbˈdʌkt,æbˈdʌkt,0,
ABDUCTED,"æbˈdʌktɪd, əbˈdʌktɪd","æbˈdʌktɪd, əbˈdʌktɪd",2,"ルール1: , + -> ,; ルール2: ,([^\s]) -> , \1"
ABDUCTEE,æbˌdəkˈtiː,æbˌdəkˈtiː,0,
ABDUCTEES,æbˌdəkˈtiːz,æbˌdəkˈtiːz,0,
ABDUCTING,"æbˈdʌktɪŋ, əbˈdʌktɪŋ","æbˈdʌktɪŋ, əbˈdʌktɪŋ",2,"ルール1: , + -> ,; ルール2: ,([^\s]) -> , \1"
ABDUCTION,"æbˈdʌkʃən, əbˈdʌkʃən","æbˈdʌkʃən, əbˈdʌkʃən",2,"ルール1: , + -> ,; ルール2: ,([^\s]) -> , \1"
ABDUCTIONS,"æbˈdʌkʃənz, əbˈdʌkʃənz","æbˈdʌkʃənz, əbˈdʌkʃənz",2,"ルール1: , + -> ,; ルール2: ,([^\s]) -> , \1"
ABDUCTOR,"æbˈdʌktɝ, əbˈdʌktɝ","æbˈdʌktɝ, əbˈdʌktɝ",2,"ルール1: , + -> ,; ルール2: ,([^\s]) -> , \1"
ABDUCTORS,"æbˈdʌktɝz, əbˈdʌktɝz","æbˈdʌktɝz, əbˈdʌktɝz",2,"ルール1: , + -> ,; ルール2: ,([^\s]) -> , \1"
ABDUCTS,æbˈdʌkts,æbˈdʌkts,0,
ABDUL,æbˈduːl,æbˈduːl,0,
ABDULAZIZ,æbˌduːləˈziːz,æbˌduːləˈziːz,0,
ABDULLA,ɑːbˈduːlə,ɑːbˈduːlə,0,
ABDULLAH,ˌæbˈdʌlə,ˌæbˈdʌlə,0,
ABE,ˈeɪb,ˈeɪb,0,
ABED,əˈbɛd,əˈbɛd,0,
ABEDI,əˈbɛdi,əˈbɛdi,0,
ABEE,əˈbiː,əˈbiː,0,
ABEL,ˈeɪbəl,ˈeɪbəl,0,
ABELA,ɑːˈbɛlə,ɑːˈbɛlə,0,
ABELARD,ˈæbɪlɝd,ˈæbɪlɝd,0,
ABELE,əˈbɛl,əˈbɛl,0,
ABELES,"əˈbɛlz, ˈeɪbəˌliːz","əˈbɛlz, ˈeɪbəˌliːz",2,"ルール1: , + -> ,; ルール2: ,([^\s]) -> , \1"
ABELL,ˈeɪbəl,ˈeɪbəl,0,
ABELLA,əˈbɛlə,əˈbɛlə,0,
ABELN,ˈæbɪln,ˈæbɪln,0,
ABELOW,ˈæbəloʊ,ˈæbəloʊ,0,
ABELS,ˈeɪbəlz,ˈeɪbəlz,0,
ABELSON,ˈæbɪlsən,ˈæbɪlsən,0,
ABEND,"ˈæbɛnd, əˈbɛnd","ˈæbɛnd, əˈbɛnd",2,"ルール1: , + -> ,; ルール2: ,([^\s]) -> , \1"
ABENDROTH,ˈæbɪndrɔθ,ˈæbɪndrɔθ,0,
ABER,ˈeɪbɝ,ˈeɪbɝ,0,
ABERCROMBIE,ˌæbɝˈkrɑːmbi,ˌæbɝˈkrɑːmbi,0,
ABERDEEN,ˈæbɝˌdiːn,ˈæbɝˌdiːn,0,
ABERFORD,ˈeɪbɝfɝd,ˈeɪbɝfɝd,0,
ABERG,ˈæbɝg,ˈæbɝg,0,
ABERLE,"ˈæbɝəl, ˈæbɝl","ˈæbɝəl, ˈæbɝl",2,"ルール1: , + -> ,; ルール2: ,([^\s]) -> , \1"
ABERMIN,ˈæbɝmɪn,ˈæbɝmɪn,0,
ABERNATHY,ˈæbɝˌnæθi,ˈæbɝˌnæθi,0,
ABERNETHY,ˈæbɝˌnɛθi,ˈæbɝˌnɛθi,0,
ABERRANT,æˈbɛrənt,æˈbɛrənt,0,
ABERRATION,ˌæbɝˈeɪʃən,ˌæbɝˈeɪʃən,0,
ABERRATIONAL,ˌæbɝˈeɪʃənəl,ˌæbɝˈeɪʃənəl,0,
ABERRATIONS,ˌæbɝˈeɪʃənz,ˌæbɝˈeɪʃənz,0,
ABERT,ˈæbɝt,ˈæbɝt,0,
ABET,əˈbɛt,əˈbɛt,0,
ABETTED,əˈbɛtɪd,əˈbɛtɪd,0,
ABETTING,əˈbɛtɪŋ,əˈbɛtɪŋ,0,
ABEX,ˈeɪbɛks,ˈeɪbɛks,0,
ABEYANCE,əˈbeɪəns,əˈbeɪəns,0,
ABEYTA,ɑːˈbeɪtə,ɑːˈbeɪtə,0,
ABHOR,æbˈhɔr,æbˈhɔɹ,1,ルール13: ([aeiouəɪɛɔɑɜɝɪu])+r\b -> \1ɹ
ABHORRED,əbˈhɔrd,əbˈhɔrd,0,
ABHORRENCE,əbˈhɔrəns,əbˈhɔrəns,0,
ABHORRENT,æbˈhɔrənt,æbˈhɔrənt,0,
ABHORS,əbˈhɔrz,əbˈhɔrz,0,
ABIAM,ˈeɪbiːəm,ˈeɪbiːəm,0,
ABIAM'S,ˈeɪbiːəmz,ˈeɪbiːəmz,0,
ABID,ˈeɪbɪd,ˈeɪbɪd,0,
ABIDE,əˈbaɪd,əˈbaɪd,0,
ABIDED,əˈbaɪdɪd,əˈbaɪdɪd,0,
ABIDES,əˈbaɪdz,əˈbaɪdz,0,
ABIDING,əˈbaɪdɪŋ,əˈbaɪdɪŋ,0,
ABIDJAN,æbɪˈdʒɑːn,æbɪˈdʒɑːn,0,
ABIE,ˈæbi,ˈæbi,0,
ABIGAIL,ˈæbəˌgeɪl,ˈæbəˌgeɪl,0,
ABILA,ɑːˈbiːlə,ɑːˈbiːlə,0,
ABILENE,ˈæbɪˌliːn,ˈæbɪˌliːn,0,
ABILITIES,əˈbɪləˌtiːz,əˈbɪləˌtiːz,0,
ABILITY,əˈbɪləˌtiː,əˈbɪləˌtiː,0,
ABIMAEL,ˌæbɪˈmeɪl,ˌæbɪˈmeɪl,0,
ABIMAELS,ˌæbɪˈmeɪlz,ˌæbɪˈmeɪlz,0,
ABINGDON,ˈæbɪŋdən,ˈæbɪŋdən,0,
ABINGTON,ˈæbɪŋtən,ˈæbɪŋtən,0,
ABIO,ˈɑːbiːoʊ,ˈɑːbiːoʊ,0,
ABIOLA,ˌɑːbiːˈoʊlə,ˌɑːbiːˈoʊlə,0,
ABIOLA'S,ˌɑːbiːˈoʊləz,ˌɑːbiːˈoʊləz,0,
ABIOMED,eɪˈbiːəmɛd,eɪˈbiːəmɛd,0,
ABIQUIU,əˈbɪkjuː,əˈbɪkjuː,0,
ABITIBI,ˌæbɪˈtiːbi,ˌæbɪˈtiːbi,0,
ABITZ,ˈæbɪts,ˈæbɪts,0,
ABJECT,ˈæbdʒɛkt,ˈæbdʒɛkt,0,
ABKHAZIA,"æbˈkɑːzjə, æbˈkæzjə","æbˈkɑːzjə, æbˈkæzjə",2,"ルール1: , + -> ,; ルール2: ,([^\s]) -> , \1"
ABKHAZIAN,"æbˈkɑːziːən, æbˈkæziːən, æbˈkɑːzjən, æbˈkæzjən","æbˈkɑːziːən, æbˈkæziːən, æbˈkɑːzjən, æbˈkæzjən",2,"ルール1: , + -> ,; ルール2: ,([^\s]) -> , \1"
ABKHAZIANS,"æbˈkɑːziːənz, æbˈkæziːənz","æbˈkɑːziːənz, æbˈkæziːənz",2,"ルール1: , + -> ,; ルール2: ,([^\s]) -> , \1"
ABLAZE,əˈbleɪz,əˈbleɪz,0,
ABLE,ˈeɪbəl,ˈeɪbəl,0,
ABLE-BODIED,ˈeɪbəlˈbɑːdiːd,ˈeɪbəl ˈbɑːdiːd,1,ルール5: (ˈ[^ˈˌ\s]+)(ˈ)(?=[^\s]) -> \1 \2
ABLED,ˈeɪbəld,ˈeɪbəld,0,
ABLER,"ˈeɪbəlɝ, ˈeɪblɝ","ˈeɪbəlɝ, ˈeɪblɝ",2,"ルール1: , + -> ,; ルール2: ,([^\s]) -> , \1"
ABLES,ˈeɪbəlz,ˈeɪbəlz,0,
ABLEST,"ˈeɪbəlst, ˈeɪbləst","ˈeɪbəlst, ˈeɪbləst",2,"ルール1: , + -> ,; ルール2: ,([^\s]) -> , \1"
ABLOOM,əˈbluːm,əˈbluːm,0,
ABLY,ˈeɪbli,ˈeɪbli,0,
ABNEGATION,ˌæbnɛˈgeɪʃən,ˌæbnɛˈgeɪʃən,0,
ABNER,ˈæbnɝ,ˈæbnɝ,0,
ABNEY,ˈæbni,ˈæbni,0,
ABNORMAL,æbˈnɔrməl,æbˈnɔrməl,0,
ABNORMALITIES,ˌæbnɔrˈmælətiːz,ˌæbnɔrˈmælətiːz,0,
ABNORMALITY,ˌæbnɔrˈmæləti,ˌæbnɔrˈmæləti,0,
ABNORMALLY,æbˈnɔrməli,æbˈnɔrməli,0,
ABO,ˈɑːboʊ,ˈɑːboʊ,0,
ABO'S,ˈɑːboʊz,ˈɑːboʊz,0,
ABOARD,əˈbɔrd,əˈbɔrd,0,
ABODE,əˈboʊd,əˈboʊd,0,
ABOHALIMA,æbəhəˈliːmə,æbəhəˈliːmə,0,
ABOLISH,əˈbɑːlɪʃ,əˈbɑːlɪʃ,0,
ABOLISHED,əˈbɑːlɪʃt,əˈbɑːlɪʃt,0,
ABOLISHES,əˈbɑːlɪʃɪz,əˈbɑːlɪʃɪz,0,
ABOLISHING,əˈbɑːlɪʃɪŋ,əˈbɑːlɪʃɪŋ,0,
ABOLITION,ˌæbəˈlɪʃən,ˌæbəˈlɪʃən,0,
ABOLITIONISM,ˌæbəˈlɪʃəˌnɪzəm,ˌæbəˈlɪʃəˌnɪzəm,0,
ABOLITIONIST,ˌæbəˈlɪʃənəst,ˌæbəˈlɪʃənəst,0,
ABOLITIONISTS,"ˌæbəˈlɪʃənəsts, ˌæbəˈlɪʃənəs","ˌæbəˈlɪʃənəsts, ˌæbəˈlɪʃənəs",2,"ルール1: , + -> ,; ルール2: ,([^\s]) -> , \1"
ABOMINABLE,əˈbɑːmənəbəl,əˈbɑːmənəbəl,0,
ABOMINATION,əˌbɑːməˈneɪʃən,əˌbɑːməˈneɪʃən,0,
ABOMINATIONS,əˌbɑːməˈneɪʃənz,əˌbɑːməˈneɪʃənz,0,
ABOOD,əˈbuːd,əˈbuːd,0,
ABOODI,əˈbuːdi,əˈbuːdi,0,
ABOR,əˈbɔr,əˈbɔɹ,1,ルール13: ([aeiouəɪɛɔɑɜɝɪu])+r\b -> \1ɹ
ABORIGINAL,ˌæbɝˈɪdʒənəl,ˌæbɝˈɪdʒənəl,0,
ABORIGINE,ˌæbɝˈɪdʒəni,ˌæbɝˈɪdʒəni,0,
ABORIGINES,ˌæbɝˈɪdʒəniːz,ˌæbɝˈɪdʒəniːz,0,
ABORN,əˈbɔrn,əˈbɔrn,0,
ABORT,əˈbɔrt,əˈbɔrt,0,
ABORTED,əˈbɔrtɪd,əˈbɔrtɪd,0,
ABORTIFACIENT,əˌbɔrtəˈfeɪʃənt,əˌbɔrtəˈfeɪʃənt,0,
ABORTIFACIENTS,əˌbɔrtəˈfeɪʃənts,əˌbɔrtəˈfeɪʃənts,0,
ABORTING,əˈbɔrtɪŋ,əˈbɔrtɪŋ,0,
ABORTION,əˈbɔrʃən,əˈbɔrʃən,0,
ABORTIONIST,əˈbɔrʃənɪst,əˈbɔrʃənɪst,0,
ABORTIONISTS,"əˈbɔrʃənɪsts, əˈbɔrʃənɪs","əˈbɔrʃənɪsts, əˈbɔrʃənɪs",2,"ルール1: , + -> ,; ルール2: ,([^\s]) -> , \1"
ABORTIONS,əˈbɔrʃənz,əˈbɔrʃənz,0,
ABORTIVE,əˈbɔrtɪv,əˈbɔrtɪv,0,
ABORTS,əˈbɔrts,əˈbɔrts,0,
ABOTT,əˈbɑːt,əˈbɑːt,0,
ABOU,əˈbuː,əˈbuː,0,
ABOUD,ɑːˈbuːd,ɑːˈbuːd,0,
ABOUHALIMA,ˌɑːbuːhɑːˈliːmə,ˌɑːbuːhɑːˈliːmə,0,
ABOUHALIMA'S,ˌɑːbuːhɑːˈliːməz,ˌɑːbuːhɑːˈliːməz,0,
ABOUND,əˈbaʊnd,əˈbaʊnd,0,
ABOUNDED,əˈbaʊndɪd,əˈbaʊndɪd,0,
ABOUNDING,əˈbaʊndɪŋ,əˈbaʊndɪŋ,0,
ABOUNDS,əˈbaʊndz,əˈbaʊndz,0,
ABOUT,əˈbaʊt,əˈbaʊt,0,
ABOUT'S,əˈbaʊts,əˈbaʊts,0,
ABOVE,əˈbʌv,əˈbʌv,0,
ABOVE'S,əˈbʌvz,əˈbʌvz,0,
ABOVEBOARD,əˈbʌvˌbɔrd,əˈbʌvˌbɔrd,0,
ABPLANALP,ˈæbplənælp,ˈæbplənælp,0,
ABRA,ˈɑːbrə,ˈɑːbrə,0,
ABRACADABRA,ˌæbrəkəˈdæbrə,ˌæbrəkəˈdæbrə,0,
ABRAHAM,ˈeɪbrəˌhæm,ˈeɪbrəˌhæm,0,
ABRAHAMIAN,ˌæbrəˈheɪmiːən,ˌæbrəˈheɪmiːən,0,
ABRAHAMS,ˈeɪbrəˌhæmz,ˈeɪbrəˌhæmz,0,
ABRAHAMSEN,æbrəˈhæmsən,æbrəˈhæmsən,0,
ABRAHAMSON,əˈbræhəmsən,əˈbræhəmsən,0,
ABRAM,əˈbræm,əˈbræm,0,
ABRAM'S,ˈeɪbrəmz,ˈeɪbrəmz,0,
ABRAMCZYK,ˈɑːbrəmtʃɪk,ˈɑːbrəmtʃɪk,0,
ABRAMO,ɑːˈbrɑːmoʊ,ɑːˈbrɑːmoʊ,0,
ABRAMOVITZ,əˈbrɑːməvɪts,əˈbrɑːməvɪts,0,
ABRAMOWICZ,əˈbrɑːməvɪtʃ,əˈbrɑːməvɪtʃ,0,
ABRAMOWITZ,əˈbrɑːməwɪts,əˈbrɑːməwɪts,0,
ABRAMS,ˈeɪbrəmz,ˈeɪbrəmz,0,
ABRAMS'S,ˈeɪbrəmzɪz,ˈeɪbrəmzɪz,0,
ABRAMSON,ˈeɪbrəmsən,ˈeɪbrəmsən,0,
ABRASION,əˈbreɪʒən,əˈbreɪʒən,0,
ABRASIONS,əˈbreɪʒənz,əˈbreɪʒənz,0,
ABRASIVE,əˈbreɪsɪv,əˈbreɪsɪv,0,
ABRASIVES,əˈbreɪsɪvz,əˈbreɪsɪvz,0,
ABRAXA,əˈbræksə,əˈbræksə,0,
ABRAXA'S,əˈbræksəz,əˈbræksəz,0,
ABRAXAS,əˈbræksəz,əˈbræksəz,0,
ABREAST,əˈbrɛst,əˈbrɛst,0,
ABREGO,ɑːˈbrɛgoʊ,ɑːˈbrɛgoʊ,0,
ABREU,əˈbruː,əˈbruː,0,
ABRIDGE,əˈbrɪdʒ,əˈbrɪdʒ,0,
ABRIDGED,əˈbrɪdʒd,əˈbrɪdʒd,0,
ABRIDGEMENT,əˈbrɪdʒmənt,əˈbrɪdʒmənt,0,
ABRIDGES,əˈbrɪdʒəz,əˈbrɪdʒəz,0,
ABRIDGING,əˈbrɪdʒɪŋ,əˈbrɪdʒɪŋ,0,
ABRIL,əˈbrɪl,əˈbrɪl,0,
ABROAD,əˈbrɔd,əˈbrɔd,0,
ABROGATE,ˈæbrəˌgeɪt,ˈæbrəˌgeɪt,0,
ABROGATED,ˈæbrəˌgeɪtɪd,ˈæbrəˌgeɪtɪd,0,
ABROGATING,ˈæbrəˌgeɪtɪŋ,ˈæbrəˌgeɪtɪŋ,0,
ABROGATION,ˌæbrəˈgeɪʃən,ˌæbrəˈgeɪʃən,0,
ABROL,əˈbroʊl,əˈbroʊl,0,
ABRON,əˈbrɑːn,əˈbrɑːn,0,
ABRUPT,əˈbrʌpt,əˈbrʌpt,0,
ABRUPTLY,əˈbrʌptli,əˈbrʌptli,0,
ABRUPTNESS,əˈbrʌptnəs,əˈbrʌptnəs,0,
ABRUTYN,ˈeɪbruːtɪn,ˈeɪbruːtɪn,0,
ABRUZZESE,ɑːbruːtˈseɪzi,ɑːbruːtˈseɪzi,0,
ABRUZZO,ɑːˈbruːzoʊ,ɑːˈbruːzoʊ,0,
ABS,"ˈeɪˈbiːˈɛs, ˈæbz","ˈeɪ ˈbiːˈɛs, ˈæbz",3,"ルール1: , + -> ,; ルール2: ,([^\s]) -> , \1; ルール5: (ˈ[^ˈˌ\s]+)(ˈ)(?=[^\s]) -> \1 \2"
ABSALOM,ˈæbsələm,ˈæbsələm,0,
ABSARAKA,æbˈsɑːrəkə,æbˈsɑːrəkə,0,
ABSCAM,ˈæbskæm,ˈæbskæm,0,
ABSCESS,ˈæbˌsɛs,ˈæbˌsɛs,0,
ABSCOND,æbˈskɑːnd,æbˈskɑːnd,0,
ABSCONDED,æbˈskɑːndəd,æbˈskɑːndəd,0,
ABSCONDING,æbˈskɑːndɪŋ,æbˈskɑːndɪŋ,0,
ABSCONDS,æbˈskɑːndz,æbˈskɑːndz,0,
ABSECON,ˈæbsəkɔn,ˈæbsəkɔn,0,
ABSENCE,ˈæbsəns,ˈæbsəns,0,
ABSENCES,ˈæbsənsɪz,ˈæbsənsɪz,0,
ABSENT,ˈæbsənt,ˈæbsənt,0,
ABSENTEE,ˌæbsənˈtiː,ˌæbsənˈtiː,0,
ABSENTEEISM,ˌæbsənˈtiːɪzəm,ˌæbsənˈtiːɪzəm,0,
ABSENTEES,ˌæbsənˈtiːz,ˌæbsənˈtiːz,0,
ABSENTIA,æbˈsɛnʃə,æbˈsɛnʃə,0,
ABSHER,ˈæbʃɝ,ˈæbʃɝ,0,
ABSHIER,ˈæbʃiːɝ,ˈæbʃiːɝ,0,
ABSHIRE,ˈæbˌʃaɪr,ˈæbˌʃɪɹ,1,ルール13: ([aeiouəɪɛɔɑɜɝɪu])+r\b -> \1ɹ
ABSINTHE,ˈæbsɪnθ,ˈæbsɪnθ,0,
ABSO,ˈæbsoʊ,ˈæbsoʊ,0,
ABSOLOM,ˈæbsələm,ˈæbsələm,0,
ABSOLUT,ˌæbsəˈluːt,ˌæbsəˈluːt,0,
ABSOLUT'S,ˌæbsəˈluːts,ˌæbsəˈluːts,0,
ABSOLUTE,ˈæbsəˌluːt,ˈæbsəˌluːt,0,
ABSOLUTELY,ˌæbsəˈluːtli,ˌæbsəˈluːtli,0,
ABSOLUTENESS,ˈæbsəˌluːtnəs,ˈæbsəˌluːtnəs,0,
ABSOLUTES,ˈæbsəˌluːts,ˈæbsəˌluːts,0,
ABSOLUTION,ˌæbsəˈluːʃən,ˌæbsəˈluːʃən,0,
ABSOLUTISM,ˈæbsəˌluːˌtɪzəm,ˈæbsəˌluːˌtɪzəm,0,
ABSOLUTIST,æbsəˈluːtɪst,æbsəˈluːtɪst,0,
ABSOLVE,"əbˈzɑːlv, æbˈzɑːlv","əbˈzɑːlv, æbˈzɑːlv",2,"ルール1: , + -> ,; ルール2: ,([^\s]) -> , \1"
ABSOLVED,"əbˈzɑːlvd, æbˈzɑːlvd","əbˈzɑːlvd, æbˈzɑːlvd",2,"ルール1: , + -> ,; ルール2: ,([^\s]) -> , \1"
ABSOLVES,"əbˈzɑːlvz, æbˈzɑːlvz","əbˈzɑːlvz, æbˈzɑːlvz",2,"ルール1: , + -> ,; ルール2: ,([^\s]) -> , \1"
ABSOLVING,"əbˈzɑːlvɪŋ, æbˈzɑːlvɪŋ","əbˈzɑːlvɪŋ, æbˈzɑːlvɪŋ",2,"ルール1: , + -> ,; ルール2: ,([^\s]) -> , \1"
ABSORB,əbˈzɔrb,əbˈzɔrb,0,
ABSORBED,əbˈzɔrbd,əbˈzɔrbd,0,
ABSORBENCY,əbˈzɔrbənsi,əbˈzɔrbənsi,0,
ABSORBENT,əbˈzɔrbənt,əbˈzɔrbənt,0,
ABSORBER,əbˈzɔrbɝ,əbˈzɔrbɝ,0,
ABSORBERS,əbˈzɔrbɝz,əbˈzɔrbɝz,0,
ABSORBING,əbˈzɔrbɪŋ,əbˈzɔrbɪŋ,0,
ABSORBS,əbˈzɔrbz,əbˈzɔrbz,0,
ABSORPTION,"əbˈzɔrpʃən, əbˈsɔrpʃən","əbˈzɔrpʃən, əbˈsɔrpʃən",2,"ルール1: , + -> ,; ルール2: ,([^\s]) -> , \1"
ABSTAIN,"əbˈsteɪn, æbˈsteɪn","əbˈsteɪn, æbˈsteɪn",2,"ルール1: , + -> ,; ルール2: ,([^\s]) -> , \1"
ABSTAINED,"əbˈsteɪnd, æbˈsteɪnd","əbˈsteɪnd, æbˈsteɪnd",2,"ルール1: , + -> ,; ルール2: ,([^\s]) -> , \1"
ABSTAINING,"əbˈsteɪnɪŋ, æbˈsteɪnɪŋ","əbˈsteɪnɪŋ, æbˈsteɪnɪŋ",2,"ルール1: , + -> ,; ルール2: ,([^\s]) -> , \1"
ABSTENTION,"əbˈstɛntʃən, æbˈstɛntʃən","əbˈstɛntʃən, æbˈstɛntʃən",2,"ルール1: , + -> ,; ルール2: ,([^\s]) -> , \1"
ABSTENTIONS,"əbˈstɛntʃənz, æbˈstɛntʃənz","əbˈstɛntʃənz, æbˈstɛntʃənz",2,"ルール1: , + -> ,; ルール2: ,([^\s]) -> , \1"
ABSTINENCE,ˈæbstənəns,ˈæbstənəns,0,
ABSTINENT,ˈæbstənənt,ˈæbstənənt,0,
ABSTON,ˈæbstən,ˈæbstən,0,
ABSTRACT,"æbˈstrækt, ˈæbˌstrækt","æbˈstrækt, ˈæbˌstrækt",2,"ルール1: , + -> ,; ルール2: ,([^\s]) -> , \1"
ABSTRACTED,ˈæbˌstræktɪd,ˈæbˌstræktɪd,0,
ABSTRACTION,æbˈstrækʃən,æbˈstrækʃən,0,
ABSTRACTIONS,æbˈstrækʃənz,æbˈstrækʃənz,0,
ABSTRACTS,ˈæbstrækts,ˈæbstrækts,0,
ABSTRUSE,əbˈstruːs,əbˈstruːs,0,
ABSURD,əbˈsɝːd,əbˈsɝːd,0,
ABSURDIST,əbˈsɝːdɪst,əbˈsɝːdɪst,0,
ABSURDITIES,əbˈsɝːdətiːz,əbˈsɝːdətiːz,0,
ABSURDITY,əbˈsɝːdəti,əbˈsɝːdəti,0,
ABSURDLY,əbˈsɝːdli,əbˈsɝːdli,0,
ABT,"ˈæbt, ˈeɪˈbiːˈtiː","ˈæbt, ˈeɪ ˈbiːˈtiː",3,"ルール1: , + -> ,; ルール2: ,([^\s]) -> , \1; ルール5: (ˈ[^ˈˌ\s]+)(ˈ)(?=[^\s]) -> \1 \2"
ABTS,"ˈæbts, ˈeɪˈbiːˈtiːz, ˈeɪˈbiːˈtiːˈɛs","ˈæbts, ˈeɪ ˈbiːˈtiːz, ˈeɪ ˈbiːˈtiː ˈɛs",3,"ルール1: , + -> ,; ルール2: ,([^\s]) -> , \1; ルール5: (ˈ[^ˈˌ\s]+)(ˈ)(?=[^\s]) -> \1 \2"
ABU,ˈæbuː,ˈæbuː,0,
ABUDRAHM,əˈbʌdrəm,əˈbʌdrəm,0,
ABUELLAH,əbˈwɛlə,əbˈwɛlə,0,
ABUELLAH'S,əbˈwɛləz,əbˈwɛləz,0,
ABULADZE,ˌæbjuːˈlædzi,ˌæbjuːˈlædzi,0,
ABUNDANCE,əˈbʌndəns,əˈbʌndəns,0,
ABUNDANT,əˈbʌndənt,əˈbʌndənt,0,
ABUNDANTLY,əˈbʌndəntli,əˈbʌndəntli,0,
ABURTO,əˈbʊrˌtoʊ,əˈbʊrˌtoʊ,0,
ABURTO'S,əˈbʊrˌtoʊz,əˈbʊrˌtoʊz,0,
ABUSE,"əˈbjuːs, əˈbjuːz","əˈbjuːs, əˈbjuːz",2,"ルール1: , + -> ,; ルール2: ,([^\s]) -> , \1"
ABUSED,əˈbjuːzd,əˈbjuːzd,0,
ABUSER,əˈbjuːzɝ,əˈbjuːzɝ,0,
ABUSERS,əˈbjuːzɝz,əˈbjuːzɝz,0,
ABUSES,"əˈbjuːsɪz, əˈbjuːzɪz","əˈbjuːsɪz, əˈbjuːzɪz",2,"ルール1: , + -> ,; ルール2: ,([^\s]) -> , \1"
ABUSING,əˈbjuːzɪŋ,əˈbjuːzɪŋ,0,
ABUSIVE,əˈbjuːsɪv,əˈbjuːsɪv,0,
ABUT,əˈbʌt,əˈbʌt,0,
ABUTS,əˈbʌts,əˈbʌts,0,
ABUTTED,əˈbʌtəd,əˈbʌtəd,0,
ABUTTING,əˈbʌtɪŋ,əˈbʌtɪŋ,0,
ABUZZ,əˈbʌz,əˈbʌz,0,
ABYSMAL,əˈbɪzməl,əˈbɪzməl,0,
ABYSMALLY,əˈbɪzməli,əˈbɪzməli,0,
ABYSS,əˈbɪs,əˈbɪs,0,
ABYSSINIA,æbˈsɪˌniːə,æbˈsɪˌniːə,0,
ABYSSINIAN,æbˈsɪˌniːən,æbˈsɪˌniːən,0,
ABZUG,"ˈæbˌzəg, ˈæbˌzʊg","ˈæbˌzəg, ˈæbˌzʊg",2,"ルール1: , + -> ,; ルール2: ,([^\s]) -> , \1"
AC,ˈeɪˈsiː,ˈeɪ ˈsiː,1,ルール5: (ˈ[^ˈˌ\s]+)(ˈ)(?=[^\s]) -> \1 \2
ACA,ˈækə,ˈækə,0,
ACACIA,əˈkeɪʃə,əˈkeɪʃə,0,
ACADEME,ˈækəˌdiːm,ˈækəˌdiːm,0,
ACADEMIA,ˌækəˈdiːmiːə,ˌækəˈdiːmiːə,0,
ACADEMIC,ˌækəˈdɛmɪk,ˌækəˈdɛmɪk,0,
ACADEMICALLY,ˌækəˈdɛmɪkli,ˌækəˈdɛmɪkli,0,
ACADEMICIAN,ˌækədəˈmɪʃən,ˌækədəˈmɪʃən,0,
ACADEMICIANS,"ˌækədəˈmɪʃənz, əˌkædəˈmɪʃənz","ˌækədəˈmɪʃənz, əˌkædəˈmɪʃənz",2,"ルール1: , + -> ,; ルール2: ,([^\s]) -> , \1"
ACADEMICS,ˌækəˈdɛmɪks,ˌækəˈdɛmɪks,0,
ACADEMIES,əˈkædəmiːz,əˈkædəmiːz,0,
ACADEMY,əˈkædəmi,əˈkædəmi,0,
ACADEMY'S,əˈkædəmiːz,əˈkædəmiːz,0,
ACADIA,əˈkeɪdiːə,əˈkeɪdiːə,0,
ACAMPO,əˈkɑːmpoʊ,əˈkɑːmpoʊ,0,
ACAMPORA,əˈkæmpɝə,əˈkæmpɝə,0,
ACAMPSIA,əˈkæmpsjə,əˈkæmpsjə,0,
ACANTHA,ɑːˈkɑːnðə,ɑːˈkɑːnðə,0,
ACAPULCO,ˌækəˈpʊlkoʊ,ˌækəˈpʊlkoʊ,0,
ACARY,ˈækɝi,ˈækɝi,0,
ACCARDI,ɑːˈkɑːrdi,ɑːˈkɑːrdi,0,
ACCARDO,ɑːˈkɑːrdoʊ,ɑːˈkɑːrdoʊ,0,
ACCEDE,ækˈsiːd,ækˈsiːd,0,
ACCEDED,ækˈsiːdɪd,ækˈsiːdɪd,0,
ACCEDES,ækˈsiːdz,ækˈsiːdz,0,
ACCEDING,ækˈsiːdɪŋ,ækˈsiːdɪŋ,0,
ACCEL,əkˈsɛl,əkˈsɛl,0,
ACCELERANT,ækˈsɛlɝənt,ækˈsɛlɝənt,0,
ACCELERANTS,ækˈsɛlɝənts,ækˈsɛlɝənts,0,
